"Selector","Fitness","VS Buy Hold (%)","Win/Loss Ratio","# Trades/Day","Strategy","Order Type","Ending Balance ($)","Buy Hold ($)","# Wins","# Losses","Period","Min Periods","# Days","Full Parameters"
"binanceus.BTC-USD",2.178979205271234,8.948960263561684,"Infinity",0.143,"trend_ema","taker",521.46957937,478.6365818530965,2,0,"108m",40,14,"module.exports = {""avg_slippage_pct"":0.045,""backtester_generation"":34,""buy_stop_pct"":0,""markdown_buy_pct"":3.2450594028443875,""markup_sell_pct"":1.709526519207372,""max_buy_loss_pct"":0,""max_sell_loss_pct"":0,""max_slippage_pct"":5,""min_periods"":40,""neutral_rate"":""auto"",""order_poll_time"":5000,""order_type"":""taker"",""oversold_rsi"":44,""oversold_rsi_periods"":46,""period"":""108m"",""period_length"":""108m"",""profit_stop_enable_pct"":0,""profit_stop_pct"":16,""quarentine_time"":10,""rsi_periods"":46,""runGenerations"":0,""selector"":""binanceus.BTC-USD"",""sell_stop_pct"":0,""show_options"":true,""strategy"":""trend_ema"",""symmetrical"":false,""trend_ema"":28,""net_currency"":21.826465439399897,""start"":""202009192000""}"
"binanceus.BTC-USD",2.1450817955555266,7.254089777776334,"Infinity",0.143,"trend_ema","taker",513.35730921,478.6365818530965,2,0,"39m",80,14,"module.exports = {""avg_slippage_pct"":0.045,""backtester_generation"":33,""buy_stop_pct"":35,""markdown_buy_pct"":4.682573370957085,""markup_sell_pct"":0.883807238322206,""max_buy_loss_pct"":0,""max_sell_loss_pct"":0,""max_slippage_pct"":5,""min_periods"":80,""neutral_rate"":""auto"",""order_poll_time"":5000,""order_type"":""taker"",""oversold_rsi"":48,""oversold_rsi_periods"":23,""period"":""39m"",""period_length"":""39m"",""profit_stop_enable_pct"":0,""profit_stop_pct"":6,""quarentine_time"":10,""rsi_periods"":23,""runGenerations"":0,""selector"":""binanceus.BTC-USD"",""sell_stop_pct"":3,""show_options"":true,""strategy"":""trend_ema"",""symmetrical"":false,""trend_ema"":24,""net_currency"":25.50221201089994,""start"":""202009192000""}"
"binanceus.BTC-USD",2.1344334533460882,6.72167266730441,"Infinity",0.071,"trend_ema","maker",510.99916979,478.81480585765905,1,0,"32m",73,14,"module.exports = {""avg_slippage_pct"":0.045,""backtester_generation"":20,""buy_stop_pct"":32,""markdown_buy_pct"":4.485982225408053,""markup_sell_pct"":4.564888294054316,""max_buy_loss_pct"":0,""max_sell_loss_pct"":0,""max_slippage_pct"":5,""min_periods"":73,""neutral_rate"":""auto"",""order_poll_time"":5000,""order_type"":""maker"",""oversold_rsi"":41,""oversold_rsi_periods"":20,""period"":""32m"",""period_length"":""32m"",""profit_stop_enable_pct"":0,""profit_stop_pct"":18,""quarentine_time"":10,""rsi_periods"":20,""runGenerations"":0,""selector"":""binanceus.BTC-USD"",""sell_stop_pct"":0,""show_options"":true,""strategy"":""trend_ema"",""symmetrical"":false,""trend_ema"":36,""net_currency"":5.790029062100018,""start"":""202009192000""}"
"binanceus.BTC-USD",2.1298630883614518,6.493154418072584,"Infinity",0.071,"sar","taker",510.53100208,479.40264786950434,1,0,"109m",32,14,"module.exports = {""avg_slippage_pct"":0.045,""backtester_generation"":50,""buy_stop_pct"":0,""markdown_buy_pct"":2.4533049246906553,""markup_sell_pct"":2.850282058540558,""max_buy_loss_pct"":0,""max_sell_loss_pct"":0,""max_slippage_pct"":5,""min_periods"":32,""order_poll_time"":5000,""order_type"":""taker"",""period"":""109m"",""period_length"":""109m"",""profit_stop_enable_pct"":0,""profit_stop_pct"":3,""quarentine_time"":10,""rsi_periods"":14,""runGenerations"":0,""sar_af"":0.4539807382374432,""sar_max_af"":0.9400783745283585,""selector"":""binanceus.BTC-USD"",""sell_stop_pct"":0,""show_options"":true,""strategy"":""sar"",""symmetrical"":false,""net_currency"":7.897723007799982,""start"":""202009192000""}"
"binanceus.BTC-USD",2.121395453339649,6.069772666982444,"Infinity",0.143,"sar","taker",508.53025127,479.4299435962646,2,0,"116m",37,14,"module.exports = {""avg_slippage_pct"":0.045,""backtester_generation"":46,""buy_stop_pct"":46,""markdown_buy_pct"":4.335667815655361,""markup_sell_pct"":1.6583457980765948,""max_buy_loss_pct"":0,""max_sell_loss_pct"":0,""max_slippage_pct"":5,""min_periods"":37,""order_poll_time"":5000,""order_type"":""taker"",""period"":""116m"",""period_length"":""116m"",""profit_stop_enable_pct"":17,""profit_stop_pct"":6,""quarentine_time"":10,""rsi_periods"":14,""runGenerations"":0,""sar_af"":0.8147637853721039,""sar_max_af"":0.11445507413988713,""selector"":""binanceus.BTC-USD"",""sell_stop_pct"":8,""show_options"":true,""strategy"":""sar"",""symmetrical"":false,""net_currency"":503.64736745179977,""start"":""202009192000""}"
"binanceus.BTC-USD",2.102646368344559,5.132318417227948,"Infinity",0.143,"sar","taker",504.2933197,479.6748776134303,2,0,"79m",62,14,"module.exports = {""avg_slippage_pct"":0.045,""backtester_generation"":53,""buy_stop_pct"":49,""markdown_buy_pct"":2.269003899831813,""markup_sell_pct"":0.7928037849846761,""max_buy_loss_pct"":0,""max_sell_loss_pct"":0,""max_slippage_pct"":5,""min_periods"":62,""order_poll_time"":5000,""order_type"":""taker"",""period"":""79m"",""period_length"":""79m"",""profit_stop_enable_pct"":0,""profit_stop_pct"":20,""quarentine_time"":10,""rsi_periods"":14,""runGenerations"":0,""sar_af"":0.8471428421742897,""sar_max_af"":0.9905167112043594,""selector"":""binanceus.BTC-USD"",""sell_stop_pct"":0,""show_options"":true,""strategy"":""sar"",""symmetrical"":false,""net_currency"":499.26105187060006,""start"":""202009192000""}"
"binanceus.BTC-USD",2.102519369994155,5.125968499707735,"Infinity",0.143,"bollinger","taker",509.6791212,484.8270398587738,2,0,"19m",1,14,"module.exports = {""avg_slippage_pct"":0.045,""backtester_generation"":6,""bollinger_lower_bound_pct"":2.0135889109630565,""bollinger_size"":20,""bollinger_time"":5.081263272830311,""bollinger_upper_bound_pct"":3.817643415249279,""buy_stop_pct"":0,""markdown_buy_pct"":1.0144120701326367,""markup_sell_pct"":2.8057647835241863,""max_buy_loss_pct"":0,""max_sell_loss_pct"":0,""max_slippage_pct"":5,""min_periods"":1,""order_poll_time"":5000,""order_type"":""taker"",""period"":""19m"",""period_length"":""19m"",""profit_stop_enable_pct"":20,""profit_stop_pct"":4,""quarentine_time"":10,""rsi_periods"":14,""runGenerations"":0,""selector"":""binanceus.BTC-USD"",""sell_stop_pct"":0,""show_options"":true,""strategy"":""bollinger"",""symmetrical"":false,""net_currency"":9.163362974400002,""start"":""202009192000""}"
"binanceus.BTC-USD",2.100944470133229,5.047223506661437,"Infinity",0.071,"trend_ema","maker",503.61383335,479.4166057307207,1,0,"91m",79,14,"module.exports = {""avg_slippage_pct"":0.045,""backtester_generation"":37,""buy_stop_pct"":0,""markdown_buy_pct"":4.85304136879943,""markup_sell_pct"":0.9335174958313965,""max_buy_loss_pct"":0,""max_sell_loss_pct"":0,""max_slippage_pct"":5,""min_periods"":79,""neutral_rate"":""auto"",""order_poll_time"":5000,""order_type"":""maker"",""oversold_rsi"":81,""oversold_rsi_periods"":15,""period"":""91m"",""period_length"":""91m"",""profit_stop_enable_pct"":3,""profit_stop_pct"":9,""quarentine_time"":10,""rsi_periods"":15,""runGenerations"":0,""selector"":""binanceus.BTC-USD"",""sell_stop_pct"":45,""show_options"":true,""strategy"":""trend_ema"",""symmetrical"":false,""trend_ema"":19,""net_currency"":7.099996932499948,""start"":""202009192000""}"
"binanceus.BTC-USD",2.098633977355224,4.931698867761201,"Infinity",0.143,"bollinger","taker",512.11292142,488.0440581309787,2,0,"81m",1,14,"module.exports = {""avg_slippage_pct"":0.045,""backtester_generation"":2,""bollinger_lower_bound_pct"":15.863135026343386,""bollinger_size"":15,""bollinger_time"":1.734772695901943,""bollinger_upper_bound_pct"":2.664354904010598,""buy_stop_pct"":0,""markdown_buy_pct"":0.8355574292597594,""markup_sell_pct"":-0.3714554514660735,""max_buy_loss_pct"":0,""max_sell_loss_pct"":0,""max_slippage_pct"":5,""min_periods"":1,""order_poll_time"":5000,""order_type"":""taker"",""period"":""81m"",""period_length"":""81m"",""profit_stop_enable_pct"":0,""profit_stop_pct"":10,""quarentine_time"":10,""rsi_periods"":14,""runGenerations"":0,""selector"":""binanceus.BTC-USD"",""sell_stop_pct"":9,""show_options"":true,""strategy"":""bollinger"",""symmetrical"":false,""net_currency"":5.562738454900005,""start"":""202009192000""}"
"binanceus.BTC-USD",2.092411445684838,4.620572284241916,"Infinity",0.071,"trend_ema","taker",501.47910191,479.33125480095794,1,0,"109m",44,14,"module.exports = {""avg_slippage_pct"":0.045,""backtester_generation"":38,""buy_stop_pct"":16,""markdown_buy_pct"":4.440334827238887,""markup_sell_pct"":1.5958332355511504,""max_buy_loss_pct"":0,""max_sell_loss_pct"":0,""max_slippage_pct"":5,""min_periods"":44,""neutral_rate"":""auto"",""order_poll_time"":5000,""order_type"":""taker"",""oversold_rsi"":48,""oversold_rsi_periods"":44,""period"":""109m"",""period_length"":""109m"",""profit_stop_enable_pct"":14,""profit_stop_pct"":13,""quarentine_time"":10,""rsi_periods"":44,""runGenerations"":0,""selector"":""binanceus.BTC-USD"",""sell_stop_pct"":0,""show_options"":true,""strategy"":""trend_ema"",""symmetrical"":false,""trend_ema"":26,""net_currency"":7.603388906399971,""start"":""202009192000""}"
"binanceus.BTC-USD",2.058804459796032,2.9402229898016117,"Infinity",0.143,"bollinger","taker",520.81622217,505.9404448945071,2,0,"119m",1,14,"module.exports = {""avg_slippage_pct"":0.045,""backtester_generation"":19,""bollinger_lower_bound_pct"":-0.7287752946561565,""bollinger_size"":25,""bollinger_time"":3.063704549651856,""bollinger_upper_bound_pct"":1.2093249253149998,""buy_stop_pct"":0,""markdown_buy_pct"":-0.9886657109616865,""markup_sell_pct"":0.34715326231569543,""max_buy_loss_pct"":0,""max_sell_loss_pct"":0,""max_slippage_pct"":5,""min_periods"":1,""order_poll_time"":5000,""order_type"":""taker"",""period"":""119m"",""period_length"":""119m"",""profit_stop_enable_pct"":0,""profit_stop_pct"":6,""quarentine_time"":10,""rsi_periods"":14,""runGenerations"":0,""selector"":""binanceus.BTC-USD"",""sell_stop_pct"":0,""show_options"":true,""strategy"":""bollinger"",""symmetrical"":false,""net_currency"":515.751524738,""start"":""202009192000""}"
"binanceus.BTC-USD",2.0503453978367188,2.517269891835938,"Infinity",0.071,"trend_ema","taker",496.54869546,484.35614407591936,1,0,"105m",8,14,"module.exports = {""avg_slippage_pct"":0.045,""backtester_generation"":29,""buy_stop_pct"":0,""markdown_buy_pct"":2.4301293150089176,""markup_sell_pct"":2.173770686442506,""max_buy_loss_pct"":0,""max_sell_loss_pct"":0,""max_slippage_pct"":5,""min_periods"":8,""neutral_rate"":""auto"",""order_poll_time"":5000,""order_type"":""taker"",""oversold_rsi"":39,""oversold_rsi_periods"":14,""period"":""105m"",""period_length"":""105m"",""profit_stop_enable_pct"":0,""profit_stop_pct"":14,""quarentine_time"":10,""rsi_periods"":14,""runGenerations"":0,""selector"":""binanceus.BTC-USD"",""sell_stop_pct"":0,""show_options"":true,""strategy"":""trend_ema"",""symmetrical"":false,""trend_ema"":14,""net_currency"":1.2628639807000326,""start"":""202009192000""}"
"binanceus.BTC-USD",2.010131383392618,0.5065691696308863,"Infinity",0.071,"bollinger","maker",509.73550538,507.16635697681534,1,0,"109m",1,14,"module.exports = {""avg_slippage_pct"":0.045,""backtester_generation"":5,""bollinger_lower_bound_pct"":6.800132733082564,""bollinger_size"":29,""bollinger_time"":5.565294459436503,""bollinger_upper_bound_pct"":7.704777722403961,""buy_stop_pct"":21,""markdown_buy_pct"":0.5824180569723896,""markup_sell_pct"":1.6538812070440234,""max_buy_loss_pct"":0,""max_sell_loss_pct"":0,""max_slippage_pct"":5,""min_periods"":1,""order_poll_time"":5000,""order_type"":""maker"",""period"":""109m"",""period_length"":""109m"",""profit_stop_enable_pct"":17,""profit_stop_pct"":6,""quarentine_time"":10,""rsi_periods"":14,""runGenerations"":0,""selector"":""binanceus.BTC-USD"",""sell_stop_pct"":0,""show_options"":true,""strategy"":""bollinger"",""symmetrical"":false,""net_currency"":8.311145145599994,""start"":""202009192000""}"
"binanceus.BTC-USD",1.5336928294850554,4.895344526233279,"Infinity",0,"sar","taker",503.03016679,479.55433013921527,0,0,"28m",15,14,"module.exports = {""avg_slippage_pct"":0.045,""backtester_generation"":47,""buy_stop_pct"":0,""markdown_buy_pct"":1.8510089244003125,""markup_sell_pct"":2.734749868103268,""max_buy_loss_pct"":0,""max_sell_loss_pct"":0,""max_slippage_pct"":5,""min_periods"":15,""order_poll_time"":5000,""order_type"":""taker"",""period"":""28m"",""period_length"":""28m"",""profit_stop_enable_pct"":3,""profit_stop_pct"":4,""quarentine_time"":10,""rsi_periods"":14,""runGenerations"":0,""sar_af"":0.8443093450778143,""sar_max_af"":0.44224997576919056,""selector"":""binanceus.BTC-USD"",""sell_stop_pct"":0,""show_options"":true,""strategy"":""sar"",""symmetrical"":false,""net_currency"":291.0491599999999,""start"":""202009192000""}"
"binanceus.BTC-USD",1.5271496923752723,4.447833389571386,"Infinity",0,"sar","taker",500,478.70787145492153,0,0,"4m",24,14,"module.exports = {""avg_slippage_pct"":0.045,""backtester_generation"":41,""buy_stop_pct"":44,""markdown_buy_pct"":2.462118639791949,""markup_sell_pct"":3.9966632019259603,""max_buy_loss_pct"":0,""max_sell_loss_pct"":0,""max_slippage_pct"":5,""min_periods"":24,""order_poll_time"":5000,""order_type"":""taker"",""period"":""4m"",""period_length"":""4m"",""profit_stop_enable_pct"":0,""profit_stop_pct"":4,""quarentine_time"":10,""rsi_periods"":14,""runGenerations"":0,""sar_af"":0.6512367489846331,""sar_max_af"":0.7558165534762109,""selector"":""binanceus.BTC-USD"",""sell_stop_pct"":42,""show_options"":true,""strategy"":""sar"",""symmetrical"":false,""net_currency"":500,""start"":""202009192000""}"
"binanceus.BTC-USD",1.5271496923752723,4.447833389571386,"Infinity",0,"sar","maker",500,478.70787145492153,0,0,"16m",60,14,"module.exports = {""avg_slippage_pct"":0.045,""backtester_generation"":54,""buy_stop_pct"":49,""markdown_buy_pct"":3.694341019605911,""markup_sell_pct"":0.7818165614978447,""max_buy_loss_pct"":0,""max_sell_loss_pct"":0,""max_slippage_pct"":5,""min_periods"":60,""order_poll_time"":5000,""order_type"":""maker"",""period"":""16m"",""period_length"":""16m"",""profit_stop_enable_pct"":0,""profit_stop_pct"":19,""quarentine_time"":10,""rsi_periods"":14,""runGenerations"":0,""sar_af"":0.19221569552742745,""sar_max_af"":0.10621362004876754,""selector"":""binanceus.BTC-USD"",""sell_stop_pct"":0,""show_options"":true,""strategy"":""sar"",""symmetrical"":false,""net_currency"":500,""start"":""202009192000""}"
"binanceus.BTC-USD",1.5259920884444225,4.368660258669932,"Infinity",0,"sar","taker",500,479.0710149586929,0,0,"11m",86,14,"module.exports = {""avg_slippage_pct"":0.045,""backtester_generation"":48,""buy_stop_pct"":6,""markdown_buy_pct"":2.4140510784636264,""markup_sell_pct"":1.0546966475038002,""max_buy_loss_pct"":0,""max_sell_loss_pct"":0,""max_slippage_pct"":5,""min_periods"":86,""order_poll_time"":5000,""order_type"":""taker"",""period"":""11m"",""period_length"":""11m"",""profit_stop_enable_pct"":1,""profit_stop_pct"":15,""quarentine_time"":10,""rsi_periods"":14,""runGenerations"":0,""sar_af"":0.08133663304190245,""sar_max_af"":0.23083821444816474,""selector"":""binanceus.BTC-USD"",""sell_stop_pct"":0,""show_options"":true,""strategy"":""sar"",""symmetrical"":false,""net_currency"":500,""start"":""202009192000""}"
"binanceus.BTC-USD",1.5248496436126666,4.290523918768364,"Infinity",0,"sar","taker",500,479.4299435962646,0,0,"81m",15,14,"module.exports = {""avg_slippage_pct"":0.045,""backtester_generation"":55,""buy_stop_pct"":0,""markdown_buy_pct"":4.612263012504407,""markup_sell_pct"":3.551613613788895,""max_buy_loss_pct"":0,""max_sell_loss_pct"":0,""max_slippage_pct"":5,""min_periods"":15,""order_poll_time"":5000,""order_type"":""taker"",""period"":""81m"",""period_length"":""81m"",""profit_stop_enable_pct"":8,""profit_stop_pct"":2,""quarentine_time"":10,""rsi_periods"":14,""runGenerations"":0,""sar_af"":0.09762332585121616,""sar_max_af"":0.5431153721771241,""selector"":""binanceus.BTC-USD"",""sell_stop_pct"":0,""show_options"":true,""strategy"":""sar"",""symmetrical"":false,""net_currency"":500,""start"":""202009192000""}"
"binanceus.BTC-USD",1.5246811858140428,4.2790024207962265,"Infinity",0,"sar","maker",500,479.4829144820105,0,0,"28m",19,14,"module.exports = {""avg_slippage_pct"":0.045,""backtester_generation"":43,""buy_stop_pct"":24,""markdown_buy_pct"":3.6443914027450344,""markup_sell_pct"":0.8197412391105212,""max_buy_loss_pct"":0,""max_sell_loss_pct"":0,""max_slippage_pct"":5,""min_periods"":19,""order_poll_time"":5000,""order_type"":""maker"",""period"":""28m"",""period_length"":""28m"",""profit_stop_enable_pct"":2,""profit_stop_pct"":1,""quarentine_time"":10,""rsi_periods"":14,""runGenerations"":0,""sar_af"":0.3859746317486499,""sar_max_af"":0.7402425981169449,""selector"":""binanceus.BTC-USD"",""sell_stop_pct"":0,""show_options"":true,""strategy"":""sar"",""symmetrical"":false,""net_currency"":500,""start"":""202009192000""}"
"binanceus.BTC-USD",1.5240434551608246,4.235385488319139,"Infinity",0,"sar","taker",500,479.6835524305047,0,0,"47m",8,14,"module.exports = {""avg_slippage_pct"":0.045,""backtester_generation"":58,""buy_stop_pct"":0,""markdown_buy_pct"":2.89367401322098,""markup_sell_pct"":-0.0794561601428736,""max_buy_loss_pct"":0,""max_sell_loss_pct"":0,""max_slippage_pct"":5,""min_periods"":8,""order_poll_time"":5000,""order_type"":""taker"",""period"":""47m"",""period_length"":""47m"",""profit_stop_enable_pct"":15,""profit_stop_pct"":19,""quarentine_time"":10,""rsi_periods"":14,""runGenerations"":0,""sar_af"":0.3182084010684107,""sar_max_af"":0.7492541733130762,""selector"":""binanceus.BTC-USD"",""sell_stop_pct"":49,""show_options"":true,""strategy"":""sar"",""symmetrical"":false,""net_currency"":500,""start"":""202009192000""}"
"binanceus.BTC-USD",1.5236819145613618,4.210658290661455,"Infinity",0,"sar","maker",500,479.79737217033403,0,0,"29m",5,14,"module.exports = {""avg_slippage_pct"":0.045,""backtester_generation"":42,""buy_stop_pct"":43,""markdown_buy_pct"":3.9490296162233918,""markup_sell_pct"":-0.7143176758896641,""max_buy_loss_pct"":0,""max_sell_loss_pct"":0,""max_slippage_pct"":5,""min_periods"":5,""order_poll_time"":5000,""order_type"":""maker"",""period"":""29m"",""period_length"":""29m"",""profit_stop_enable_pct"":14,""profit_stop_pct"":4,""quarentine_time"":10,""rsi_periods"":14,""runGenerations"":0,""sar_af"":0.3061017005973146,""sar_max_af"":0.3066236138113621,""selector"":""binanceus.BTC-USD"",""sell_stop_pct"":0,""show_options"":true,""strategy"":""sar"",""symmetrical"":false,""net_currency"":500,""start"":""202009192000""}"
"binanceus.BTC-USD",1.5232580614702034,4.181669294187826,"Infinity",0,"bollinger","maker",500,479.930877847716,0,0,"10m",1,14,"module.exports = {""avg_slippage_pct"":0.045,""backtester_generation"":17,""bollinger_lower_bound_pct"":8.680867081193567,""bollinger_size"":2,""bollinger_time"":2.661234762471153,""bollinger_upper_bound_pct"":6.2174520874641805,""buy_stop_pct"":19,""markdown_buy_pct"":-0.2114121620255549,""markup_sell_pct"":0.005103911514733994,""max_buy_loss_pct"":0,""max_sell_loss_pct"":0,""max_slippage_pct"":5,""min_periods"":1,""order_poll_time"":5000,""order_type"":""maker"",""period"":""10m"",""period_length"":""10m"",""profit_stop_enable_pct"":0,""profit_stop_pct"":4,""quarentine_time"":10,""rsi_periods"":14,""runGenerations"":0,""selector"":""binanceus.BTC-USD"",""sell_stop_pct"":47,""show_options"":true,""strategy"":""bollinger"",""symmetrical"":false,""net_currency"":500,""start"":""202009192000""}"
"binanceus.BTC-USD",1.5228004090350784,4.150368626327338,"Infinity",0,"sar","maker",500,480.0751131221719,0,0,"83m",15,14,"module.exports = {""avg_slippage_pct"":0.045,""backtester_generation"":59,""buy_stop_pct"":26,""markdown_buy_pct"":4.647271268798985,""markup_sell_pct"":0.24887435724121199,""max_buy_loss_pct"":0,""max_sell_loss_pct"":0,""max_slippage_pct"":5,""min_periods"":15,""order_poll_time"":5000,""order_type"":""maker"",""period"":""83m"",""period_length"":""83m"",""profit_stop_enable_pct"":10,""profit_stop_pct"":11,""quarentine_time"":10,""rsi_periods"":14,""runGenerations"":0,""sar_af"":0.6943248686753147,""sar_max_af"":0.014759304213161243,""selector"":""binanceus.BTC-USD"",""sell_stop_pct"":0,""show_options"":true,""strategy"":""sar"",""symmetrical"":false,""net_currency"":500,""start"":""202009192000""}"
"binanceus.BTC-USD",1.522472719947763,4.127956668045599,"Infinity",0,"bollinger","maker",500,480.1784419855404,0,0,"13m",1,14,"module.exports = {""avg_slippage_pct"":0.045,""backtester_generation"":14,""bollinger_lower_bound_pct"":17.6558678203345,""bollinger_size"":4,""bollinger_time"":2.29766133679078,""bollinger_upper_bound_pct"":14.25428393355487,""buy_stop_pct"":0,""markdown_buy_pct"":4.111785882637204,""markup_sell_pct"":0.7776512201089556,""max_buy_loss_pct"":0,""max_sell_loss_pct"":0,""max_slippage_pct"":5,""min_periods"":1,""order_poll_time"":5000,""order_type"":""maker"",""period"":""13m"",""period_length"":""13m"",""profit_stop_enable_pct"":20,""profit_stop_pct"":3,""quarentine_time"":10,""rsi_periods"":14,""runGenerations"":0,""selector"":""binanceus.BTC-USD"",""sell_stop_pct"":0,""show_options"":true,""strategy"":""bollinger"",""symmetrical"":false,""net_currency"":500,""start"":""202009192000""}"
"binanceus.BTC-USD",1.5099899231173965,3.2742086104166686,"Infinity",0,"bollinger","taker",500,484.14798498835256,0,0,"61m",1,14,"module.exports = {""avg_slippage_pct"":0.045,""backtester_generation"":8,""bollinger_lower_bound_pct"":28.54718559318846,""bollinger_size"":26,""bollinger_time"":5.336212962644233,""bollinger_upper_bound_pct"":3.1089331136855014,""buy_stop_pct"":0,""markdown_buy_pct"":4.883848504920209,""markup_sell_pct"":1.271454171009216,""max_buy_loss_pct"":0,""max_sell_loss_pct"":0,""max_slippage_pct"":5,""min_periods"":1,""order_poll_time"":5000,""order_type"":""taker"",""period"":""61m"",""period_length"":""61m"",""profit_stop_enable_pct"":0,""profit_stop_pct"":8,""quarentine_time"":10,""rsi_periods"":14,""runGenerations"":0,""selector"":""binanceus.BTC-USD"",""sell_stop_pct"":5,""show_options"":true,""strategy"":""bollinger"",""symmetrical"":false,""net_currency"":500,""start"":""202009192000""}"
"binanceus.BTC-USD",1.509306538213659,3.2274692024051874,"Infinity",0,"bollinger","maker",500,484.36719786243685,0,0,"116m",1,14,"module.exports = {""avg_slippage_pct"":0.045,""backtester_generation"":13,""bollinger_lower_bound_pct"":11.81702774717983,""bollinger_size"":4,""bollinger_time"":5.434546102747383,""bollinger_upper_bound_pct"":16.29242427060767,""buy_stop_pct"":18,""markdown_buy_pct"":4.900958631561551,""markup_sell_pct"":4.130447037488915,""max_buy_loss_pct"":0,""max_sell_loss_pct"":0,""max_slippage_pct"":5,""min_periods"":1,""order_poll_time"":5000,""order_type"":""maker"",""period"":""116m"",""period_length"":""116m"",""profit_stop_enable_pct"":17,""profit_stop_pct"":5,""quarentine_time"":10,""rsi_periods"":14,""runGenerations"":0,""selector"":""binanceus.BTC-USD"",""sell_stop_pct"":44,""show_options"":true,""strategy"":""bollinger"",""symmetrical"":false,""net_currency"":500,""start"":""202009192000""}"
"binanceus.BTC-USD",1.5090668023804927,3.2110727165301856,"Infinity",0,"bollinger","maker",500,484.44414619471394,0,0,"7m",1,14,"module.exports = {""avg_slippage_pct"":0.045,""backtester_generation"":10,""bollinger_lower_bound_pct"":10.162535881947363,""bollinger_size"":24,""bollinger_time"":4.599392131201694,""bollinger_upper_bound_pct"":28.483031100353028,""buy_stop_pct"":13,""markdown_buy_pct"":0.7958581310814319,""markup_sell_pct"":-0.5734140937509,""max_buy_loss_pct"":0,""max_sell_loss_pct"":0,""max_slippage_pct"":5,""min_periods"":1,""order_poll_time"":5000,""order_type"":""maker"",""period"":""7m"",""period_length"":""7m"",""profit_stop_enable_pct"":6,""profit_stop_pct"":16,""quarentine_time"":10,""rsi_periods"":14,""runGenerations"":0,""selector"":""binanceus.BTC-USD"",""sell_stop_pct"":35,""show_options"":true,""strategy"":""bollinger"",""symmetrical"":false,""net_currency"":500,""start"":""202009192000""}"
"binanceus.BTC-USD",1.508530841236231,3.174416205005073,"Infinity",0,"bollinger","maker",500,484.61626282092266,0,0,"101m",1,14,"module.exports = {""avg_slippage_pct"":0.045,""backtester_generation"":7,""bollinger_lower_bound_pct"":0.2827939868585774,""bollinger_size"":5,""bollinger_time"":3.62855776819763,""bollinger_upper_bound_pct"":27.85277534941099,""buy_stop_pct"":26,""markdown_buy_pct"":1.2435466570436886,""markup_sell_pct"":1.8997554382407125,""max_buy_loss_pct"":0,""max_sell_loss_pct"":0,""max_slippage_pct"":5,""min_periods"":1,""order_poll_time"":5000,""order_type"":""maker"",""period"":""101m"",""period_length"":""101m"",""profit_stop_enable_pct"":7,""profit_stop_pct"":15,""quarentine_time"":10,""rsi_periods"":14,""runGenerations"":0,""selector"":""binanceus.BTC-USD"",""sell_stop_pct"":1,""show_options"":true,""strategy"":""bollinger"",""symmetrical"":false,""net_currency"":500,""start"":""202009192000""}"
"binanceus.BTC-USD",1.5083930620217678,3.1649929372608203,"Infinity",0,"bollinger","maker",500,484.6605285031833,0,0,"100m",1,14,"module.exports = {""avg_slippage_pct"":0.045,""backtester_generation"":11,""bollinger_lower_bound_pct"":16.863319039379604,""bollinger_size"":17,""bollinger_time"":1.5941662738006714,""bollinger_upper_bound_pct"":4.827578646614389,""buy_stop_pct"":43,""markdown_buy_pct"":2.325401313796758,""markup_sell_pct"":3.4024211613484425,""max_buy_loss_pct"":0,""max_sell_loss_pct"":0,""max_slippage_pct"":5,""min_periods"":1,""order_poll_time"":5000,""order_type"":""maker"",""period"":""100m"",""period_length"":""100m"",""profit_stop_enable_pct"":14,""profit_stop_pct"":19,""quarentine_time"":10,""rsi_periods"":14,""runGenerations"":0,""selector"":""binanceus.BTC-USD"",""sell_stop_pct"":29,""show_options"":true,""strategy"":""bollinger"",""symmetrical"":false,""net_currency"":500,""start"":""202009192000""}"
"binanceus.BTC-USD",1.5044925324603144,2.898220227421144,"Infinity",0,"bollinger","maker",500,485.9170536622712,0,0,"80m",1,14,"module.exports = {""avg_slippage_pct"":0.045,""backtester_generation"":3,""bollinger_lower_bound_pct"":28.271720094163232,""bollinger_size"":19,""bollinger_time"":3.494543207363502,""bollinger_upper_bound_pct"":16.065554789744454,""buy_stop_pct"":29,""markdown_buy_pct"":2.7794789147533767,""markup_sell_pct"":2.3341242286325334,""max_buy_loss_pct"":0,""max_sell_loss_pct"":0,""max_slippage_pct"":5,""min_periods"":1,""order_poll_time"":5000,""order_type"":""maker"",""period"":""80m"",""period_length"":""80m"",""profit_stop_enable_pct"":0,""profit_stop_pct"":2,""quarentine_time"":10,""rsi_periods"":14,""runGenerations"":0,""selector"":""binanceus.BTC-USD"",""sell_stop_pct"":17,""show_options"":true,""strategy"":""bollinger"",""symmetrical"":false,""net_currency"":500,""start"":""202009192000""}"
"binanceus.BTC-USD",1.4793955394348548,1.1817371876836844,1,0.143,"sar","taker",488.75651397,483.04815429626143,1,1,"105m",4,14,"module.exports = {""avg_slippage_pct"":0.045,""backtester_generation"":57,""buy_stop_pct"":47,""markdown_buy_pct"":0.37193480706033144,""markup_sell_pct"":-0.5624836552303911,""max_buy_loss_pct"":0,""max_sell_loss_pct"":0,""max_slippage_pct"":5,""min_periods"":4,""order_poll_time"":5000,""order_type"":""taker"",""period"":""105m"",""period_length"":""105m"",""profit_stop_enable_pct"":16,""profit_stop_pct"":20,""quarentine_time"":10,""rsi_periods"":14,""runGenerations"":0,""sar_af"":0.8076299618933762,""sar_max_af"":0.975325295029897,""selector"":""binanceus.BTC-USD"",""sell_stop_pct"":0,""show_options"":true,""strategy"":""sar"",""symmetrical"":false,""net_currency"":9.852163871899904,""start"":""202009192000""}"
"binanceus.BTC-USD",1.454449743975132,-0.5244048499674513,"Infinity",0,"bollinger","maker",500,502.6358467580743,0,0,"79m",1,14,"module.exports = {""avg_slippage_pct"":0.045,""backtester_generation"":18,""bollinger_lower_bound_pct"":14.5941652812837,""bollinger_size"":30,""bollinger_time"":2.560762223231288,""bollinger_upper_bound_pct"":27.267039223825286,""buy_stop_pct"":0,""markdown_buy_pct"":-0.6866926372225794,""markup_sell_pct"":2.0329819937600626,""max_buy_loss_pct"":0,""max_sell_loss_pct"":0,""max_slippage_pct"":5,""min_periods"":1,""order_poll_time"":5000,""order_type"":""maker"",""period"":""79m"",""period_length"":""79m"",""profit_stop_enable_pct"":0,""profit_stop_pct"":11,""quarentine_time"":10,""rsi_periods"":14,""runGenerations"":0,""selector"":""binanceus.BTC-USD"",""sell_stop_pct"":25,""show_options"":true,""strategy"":""bollinger"",""symmetrical"":false,""net_currency"":500,""start"":""202009192000""}"
"binanceus.BTC-USD",1.4486947061870037,-0.9180147436447292,"Infinity",0,"bollinger","maker",500,504.63260168470356,0,0,"106m",1,14,"module.exports = {""avg_slippage_pct"":0.045,""backtester_generation"":15,""bollinger_lower_bound_pct"":12.47758307852732,""bollinger_size"":36,""bollinger_time"":2.9553092024231775,""bollinger_upper_bound_pct"":14.360550745276932,""buy_stop_pct"":36,""markdown_buy_pct"":-0.11505386419563601,""markup_sell_pct"":4.531702157207558,""max_buy_loss_pct"":0,""max_sell_loss_pct"":0,""max_slippage_pct"":5,""min_periods"":1,""order_poll_time"":5000,""order_type"":""maker"",""period"":""106m"",""period_length"":""106m"",""profit_stop_enable_pct"":19,""profit_stop_pct"":20,""quarentine_time"":10,""rsi_periods"":14,""runGenerations"":0,""selector"":""binanceus.BTC-USD"",""sell_stop_pct"":0,""show_options"":true,""strategy"":""bollinger"",""symmetrical"":false,""net_currency"":500,""start"":""202009192000""}"
"binanceus.BTC-USD",1.4480595440083286,-0.9614560079457001,"Infinity",0,"bollinger","maker",500,504.85394862036156,0,0,"101m",1,14,"module.exports = {""avg_slippage_pct"":0.045,""backtester_generation"":4,""bollinger_lower_bound_pct"":10.626894714242024,""bollinger_size"":29,""bollinger_time"":3.7562376285519754,""bollinger_upper_bound_pct"":9.758361603925815,""buy_stop_pct"":0,""markdown_buy_pct"":1.1706141073068594,""markup_sell_pct"":2.273603201839149,""max_buy_loss_pct"":0,""max_sell_loss_pct"":0,""max_slippage_pct"":5,""min_periods"":1,""order_poll_time"":5000,""order_type"":""maker"",""period"":""101m"",""period_length"":""101m"",""profit_stop_enable_pct"":0,""profit_stop_pct"":7,""quarentine_time"":10,""rsi_periods"":14,""runGenerations"":0,""selector"":""binanceus.BTC-USD"",""sell_stop_pct"":13,""show_options"":true,""strategy"":""bollinger"",""symmetrical"":false,""net_currency"":500,""start"":""202009192000""}"
"binanceus.BTC-USD",1.4418966797453892,-1.3829587741459481,"Infinity",0,"bollinger","taker",500,507.0117636716492,0,0,"109m",1,14,"module.exports = {""avg_slippage_pct"":0.045,""backtester_generation"":1,""bollinger_lower_bound_pct"":19.399814743976822,""bollinger_size"":38,""bollinger_time"":1.6308952512034893,""bollinger_upper_bound_pct"":19.632136291765,""buy_stop_pct"":49,""markdown_buy_pct"":4.467099501493285,""markup_sell_pct"":2.0879775368956843,""max_buy_loss_pct"":0,""max_sell_loss_pct"":0,""max_slippage_pct"":5,""min_periods"":1,""order_poll_time"":5000,""order_type"":""taker"",""period"":""109m"",""period_length"":""109m"",""profit_stop_enable_pct"":0,""profit_stop_pct"":8,""quarentine_time"":10,""rsi_periods"":14,""runGenerations"":0,""selector"":""binanceus.BTC-USD"",""sell_stop_pct"":0,""show_options"":true,""strategy"":""bollinger"",""symmetrical"":false,""net_currency"":500,""start"":""202009192000""}"
"binanceus.BTC-USD",1.4338655293343283,-1.9322410509582202,"Infinity",0,"bollinger","taker",500,509.8515611637575,0,0,"71m",1,14,"module.exports = {""avg_slippage_pct"":0.045,""backtester_generation"":16,""bollinger_lower_bound_pct"":14.698670991654078,""bollinger_size"":37,""bollinger_time"":2.5896714964595504,""bollinger_upper_bound_pct"":21.666722846065017,""buy_stop_pct"":42,""markdown_buy_pct"":-0.5068483890071476,""markup_sell_pct"":3.700659484603513,""max_buy_loss_pct"":0,""max_sell_loss_pct"":0,""max_slippage_pct"":5,""min_periods"":1,""order_poll_time"":5000,""order_type"":""taker"",""period"":""71m"",""period_length"":""71m"",""profit_stop_enable_pct"":18,""profit_stop_pct"":11,""quarentine_time"":10,""rsi_periods"":14,""runGenerations"":0,""selector"":""binanceus.BTC-USD"",""sell_stop_pct"":43,""show_options"":true,""strategy"":""bollinger"",""symmetrical"":false,""net_currency"":500,""start"":""202009192000""}"
"binanceus.BTC-USD",1.4324312477117667,-2.030337268175841,"Infinity",0,"bollinger","taker",500,510.36207133698906,0,0,"82m",1,14,"module.exports = {""avg_slippage_pct"":0.045,""backtester_generation"":12,""bollinger_lower_bound_pct"":4.379448419589487,""bollinger_size"":31,""bollinger_time"":5.478284299516635,""bollinger_upper_bound_pct"":27.129370072323628,""buy_stop_pct"":36,""markdown_buy_pct"":-0.28694715247256175,""markup_sell_pct"":4.086188134439061,""max_buy_loss_pct"":0,""max_sell_loss_pct"":0,""max_slippage_pct"":5,""min_periods"":1,""order_poll_time"":5000,""order_type"":""taker"",""period"":""82m"",""period_length"":""82m"",""profit_stop_enable_pct"":7,""profit_stop_pct"":9,""quarentine_time"":10,""rsi_periods"":14,""runGenerations"":0,""selector"":""binanceus.BTC-USD"",""sell_stop_pct"":0,""show_options"":true,""strategy"":""bollinger"",""symmetrical"":false,""net_currency"":500,""start"":""202009192000""}"
"binanceus.BTC-USD",1.0554094521039088,5.540945210390885,0,0.071,"sar","maker",506.25339977,479.6748776134303,0,1,"17m",99,14,"module.exports = {""avg_slippage_pct"":0.045,""backtester_generation"":52,""buy_stop_pct"":7,""markdown_buy_pct"":1.0056904927241317,""markup_sell_pct"":2.877111705056159,""max_buy_loss_pct"":0,""max_sell_loss_pct"":0,""max_slippage_pct"":5,""min_periods"":99,""order_poll_time"":5000,""order_type"":""maker"",""period"":""17m"",""period_length"":""17m"",""profit_stop_enable_pct"":0,""profit_stop_pct"":11,""quarentine_time"":10,""rsi_periods"":14,""runGenerations"":0,""sar_af"":0.10799651018033582,""sar_max_af"":0.2941021897859847,""selector"":""binanceus.BTC-USD"",""sell_stop_pct"":0,""show_options"":true,""strategy"":""sar"",""symmetrical"":false,""net_currency"":0.4041205512000108,""start"":""202009192000""}"
"binanceus.BTC-USD",1.0378621913118748,3.7862191311874933,0,0.071,"trend_ema","maker",496.94378364,478.81480585765905,0,1,"117m",91,14,"module.exports = {""avg_slippage_pct"":0.045,""backtester_generation"":24,""buy_stop_pct"":41,""markdown_buy_pct"":3.641498220819228,""markup_sell_pct"":-0.5312942044789399,""max_buy_loss_pct"":0,""max_sell_loss_pct"":0,""max_slippage_pct"":5,""min_periods"":91,""neutral_rate"":""auto"",""order_poll_time"":5000,""order_type"":""maker"",""oversold_rsi"":70,""oversold_rsi_periods"":48,""period"":""117m"",""period_length"":""117m"",""profit_stop_enable_pct"":9,""profit_stop_pct"":9,""quarentine_time"":10,""rsi_periods"":48,""runGenerations"":0,""selector"":""binanceus.BTC-USD"",""sell_stop_pct"":26,""show_options"":true,""strategy"":""trend_ema"",""symmetrical"":false,""trend_ema"":39,""net_currency"":5.986174717499978,""start"":""202009192000""}"
"binanceus.BTC-USD",1.031902671014831,3.190267101483082,0,0.071,"trend_ema","taker",495.35736333,480.0427184114543,0,1,"45m",7,14,"module.exports = {""avg_slippage_pct"":0.045,""backtester_generation"":35,""buy_stop_pct"":17,""markdown_buy_pct"":3.2256657871694934,""markup_sell_pct"":2.312282197395056,""max_buy_loss_pct"":0,""max_sell_loss_pct"":0,""max_slippage_pct"":5,""min_periods"":7,""neutral_rate"":""auto"",""order_poll_time"":5000,""order_type"":""taker"",""oversold_rsi"":59,""oversold_rsi_periods"":5,""period"":""45m"",""period_length"":""45m"",""profit_stop_enable_pct"":11,""profit_stop_pct"":6,""quarentine_time"":10,""rsi_periods"":5,""runGenerations"":0,""selector"":""binanceus.BTC-USD"",""sell_stop_pct"":27,""show_options"":true,""strategy"":""trend_ema"",""symmetrical"":false,""trend_ema"":37,""net_currency"":8.654515784699925,""start"":""202009192000""}"
"binanceus.BTC-USD",1.0316318911762545,3.163189117625446,0,0.071,"sar","taker",493.85030675,478.70787145492153,0,1,"20m",64,14,"module.exports = {""avg_slippage_pct"":0.045,""backtester_generation"":44,""buy_stop_pct"":0,""markdown_buy_pct"":1.2579528723885698,""markup_sell_pct"":2.374241329340365,""max_buy_loss_pct"":0,""max_sell_loss_pct"":0,""max_slippage_pct"":5,""min_periods"":64,""order_poll_time"":5000,""order_type"":""taker"",""period"":""20m"",""period_length"":""20m"",""profit_stop_enable_pct"":15,""profit_stop_pct"":20,""quarentine_time"":10,""rsi_periods"":14,""runGenerations"":0,""sar_af"":0.646858190854042,""sar_max_af"":0.2621561461013488,""selector"":""binanceus.BTC-USD"",""sell_stop_pct"":46,""show_options"":true,""strategy"":""sar"",""symmetrical"":false,""net_currency"":10.68861838700002,""start"":""202009192000""}"
"binanceus.BTC-USD",1.0262984344850947,2.629843448509462,0,0.071,"trend_ema","taker",491.40688566,478.81480585765905,0,1,"9m",42,14,"module.exports = {""avg_slippage_pct"":0.045,""backtester_generation"":31,""buy_stop_pct"":16,""markdown_buy_pct"":2.4845220584776357,""markup_sell_pct"":4.07956467648554,""max_buy_loss_pct"":0,""max_sell_loss_pct"":0,""max_slippage_pct"":5,""min_periods"":42,""neutral_rate"":""auto"",""order_poll_time"":5000,""order_type"":""taker"",""oversold_rsi"":64,""oversold_rsi_periods"":21,""period"":""9m"",""period_length"":""9m"",""profit_stop_enable_pct"":0,""profit_stop_pct"":4,""quarentine_time"":10,""rsi_periods"":21,""runGenerations"":0,""selector"":""binanceus.BTC-USD"",""sell_stop_pct"":0,""show_options"":true,""strategy"":""trend_ema"",""symmetrical"":false,""trend_ema"":24,""net_currency"":6.274219999999957,""start"":""202009192000""}"
"binanceus.BTC-USD",1.0210559138084339,2.105591380843399,0,0.071,"trend_ema","taker",488.89668914,478.81480585765905,0,1,"15m",58,14,"module.exports = {""avg_slippage_pct"":0.045,""backtester_generation"":30,""buy_stop_pct"":44,""markdown_buy_pct"":2.3437419068148304,""markup_sell_pct"":0.9094676698552728,""max_buy_loss_pct"":0,""max_sell_loss_pct"":0,""max_slippage_pct"":5,""min_periods"":58,""neutral_rate"":""auto"",""order_poll_time"":5000,""order_type"":""taker"",""oversold_rsi"":56,""oversold_rsi_periods"":38,""period"":""15m"",""period_length"":""15m"",""profit_stop_enable_pct"":14,""profit_stop_pct"":1,""quarentine_time"":10,""rsi_periods"":38,""runGenerations"":0,""selector"":""binanceus.BTC-USD"",""sell_stop_pct"":20,""show_options"":true,""strategy"":""trend_ema"",""symmetrical"":false,""trend_ema"":11,""net_currency"":4.463568498200061,""start"":""202009192000""}"
"binanceus.BTC-USD",1.0207218178530812,2.072181785308136,0,0.071,"trend_ema","maker",488.73671905,478.81480585765905,0,1,"5m",46,14,"module.exports = {""avg_slippage_pct"":0.045,""backtester_generation"":26,""buy_stop_pct"":0,""markdown_buy_pct"":1.8546221378535797,""markup_sell_pct"":2.789050585826562,""max_buy_loss_pct"":0,""max_sell_loss_pct"":0,""max_slippage_pct"":5,""min_periods"":46,""neutral_rate"":""auto"",""order_poll_time"":5000,""order_type"":""maker"",""oversold_rsi"":96,""oversold_rsi_periods"":32,""period"":""5m"",""period_length"":""5m"",""profit_stop_enable_pct"":0,""profit_stop_pct"":13,""quarentine_time"":10,""rsi_periods"":32,""runGenerations"":0,""selector"":""binanceus.BTC-USD"",""sell_stop_pct"":0,""show_options"":true,""strategy"":""trend_ema"",""symmetrical"":false,""trend_ema"":20,""net_currency"":6.717622999999946,""start"":""202009192000""}"
"binanceus.BTC-USD",1.0203106013710694,2.0310601371069548,0,0.071,"trend_ema","taker",488.53982251,478.81480585765905,0,1,"52m",28,14,"module.exports = {""avg_slippage_pct"":0.045,""backtester_generation"":32,""buy_stop_pct"":48,""markdown_buy_pct"":1.7009124869594694,""markup_sell_pct"":4.835254428215835,""max_buy_loss_pct"":0,""max_sell_loss_pct"":0,""max_slippage_pct"":5,""min_periods"":28,""neutral_rate"":""auto"",""order_poll_time"":5000,""order_type"":""taker"",""oversold_rsi"":94,""oversold_rsi_periods"":21,""period"":""52m"",""period_length"":""52m"",""profit_stop_enable_pct"":0,""profit_stop_pct"":20,""quarentine_time"":10,""rsi_periods"":21,""runGenerations"":0,""selector"":""binanceus.BTC-USD"",""sell_stop_pct"":22,""show_options"":true,""strategy"":""trend_ema"",""symmetrical"":false,""trend_ema"":22,""net_currency"":7.274498948399923,""start"":""202009192000""}"
"binanceus.BTC-USD",1.015332491681139,1.5332491681139153,0,0.071,"bollinger","taker",491.3241615,483.90469676242594,0,1,"16m",1,14,"module.exports = {""avg_slippage_pct"":0.045,""backtester_generation"":0,""bollinger_lower_bound_pct"":2.273104005213636,""bollinger_size"":27,""bollinger_time"":5.214096214118342,""bollinger_upper_bound_pct"":-0.3799138163670126,""buy_stop_pct"":0,""markdown_buy_pct"":1.7092661413105206,""markup_sell_pct"":2.8088504870020405,""max_buy_loss_pct"":0,""max_sell_loss_pct"":0,""max_slippage_pct"":5,""min_periods"":1,""order_poll_time"":5000,""order_type"":""taker"",""period"":""16m"",""period_length"":""16m"",""profit_stop_enable_pct"":19,""profit_stop_pct"":6,""quarentine_time"":10,""rsi_periods"":14,""runGenerations"":0,""selector"":""binanceus.BTC-USD"",""sell_stop_pct"":25,""show_options"":true,""strategy"":""bollinger"",""symmetrical"":false,""net_currency"":0.6551997913000189,""start"":""202009192000""}"
"binanceus.BTC-USD",1.0153321270737787,1.5332127073778719,0,0.071,"trend_ema","taker",486.68042251,479.33125480095794,0,1,"7m",37,14,"module.exports = {""avg_slippage_pct"":0.045,""backtester_generation"":36,""buy_stop_pct"":0,""markdown_buy_pct"":1.515879319555589,""markup_sell_pct"":2.6956160083682117,""max_buy_loss_pct"":0,""max_sell_loss_pct"":0,""max_slippage_pct"":5,""min_periods"":37,""neutral_rate"":""auto"",""order_poll_time"":5000,""order_type"":""taker"",""oversold_rsi"":44,""oversold_rsi_periods"":6,""period"":""7m"",""period_length"":""7m"",""profit_stop_enable_pct"":0,""profit_stop_pct"":6,""quarentine_time"":10,""rsi_periods"":6,""runGenerations"":0,""selector"":""binanceus.BTC-USD"",""sell_stop_pct"":0,""show_options"":true,""strategy"":""trend_ema"",""symmetrical"":false,""trend_ema"":32,""net_currency"":7.4701679455999965,""start"":""202009192000""}"
"binanceus.BTC-USD",1.015254553293598,1.525455329359789,0,0.071,"bollinger","taker",492.9363111,485.5297713276539,0,1,"105m",1,14,"module.exports = {""avg_slippage_pct"":0.045,""backtester_generation"":9,""bollinger_lower_bound_pct"":26.724640203733063,""bollinger_size"":19,""bollinger_time"":1.764096188692791,""bollinger_upper_bound_pct"":0.07087614712327928,""buy_stop_pct"":0,""markdown_buy_pct"":1.4840904108901567,""markup_sell_pct"":2.979340716542245,""max_buy_loss_pct"":0,""max_sell_loss_pct"":0,""max_slippage_pct"":5,""min_periods"":1,""order_poll_time"":5000,""order_type"":""taker"",""period"":""105m"",""period_length"":""105m"",""profit_stop_enable_pct"":12,""profit_stop_pct"":20,""quarentine_time"":10,""rsi_periods"":14,""runGenerations"":0,""selector"":""binanceus.BTC-USD"",""sell_stop_pct"":6,""show_options"":true,""strategy"":""bollinger"",""symmetrical"":false,""net_currency"":7.1289325730999735,""start"":""202009192000""}"
"binanceus.BTC-USD",1.0140930176572494,1.4093017657249312,0,0.071,"sar","taker",485.45430994,478.70787145492153,0,1,"60m",84,14,"module.exports = {""avg_slippage_pct"":0.045,""backtester_generation"":51,""buy_stop_pct"":0,""markdown_buy_pct"":1.341215696425777,""markup_sell_pct"":3.2454984255514567,""max_buy_loss_pct"":0,""max_sell_loss_pct"":0,""max_slippage_pct"":5,""min_periods"":84,""order_poll_time"":5000,""order_type"":""taker"",""period"":""60m"",""period_length"":""60m"",""profit_stop_enable_pct"":0,""profit_stop_pct"":3,""quarentine_time"":10,""rsi_periods"":14,""runGenerations"":0,""sar_af"":0.8441582638912039,""sar_max_af"":0.2263192392116776,""selector"":""binanceus.BTC-USD"",""sell_stop_pct"":0,""show_options"":true,""strategy"":""sar"",""symmetrical"":false,""net_currency"":6.0506692393999515,""start"":""202009192000""}"
"binanceus.BTC-USD",1.0136929609989755,1.3692960998975532,0,0.071,"trend_ema","taker",485.37119832,478.81480585765905,0,1,"12m",71,14,"module.exports = {""avg_slippage_pct"":0.045,""backtester_generation"":25,""buy_stop_pct"":0,""markdown_buy_pct"":0.43230359691886155,""markup_sell_pct"":1.8828596697864741,""max_buy_loss_pct"":0,""max_sell_loss_pct"":0,""max_slippage_pct"":5,""min_periods"":71,""neutral_rate"":""auto"",""order_poll_time"":5000,""order_type"":""taker"",""oversold_rsi"":27,""oversold_rsi_periods"":13,""period"":""12m"",""period_length"":""12m"",""profit_stop_enable_pct"":16,""profit_stop_pct"":1,""quarentine_time"":10,""rsi_periods"":13,""runGenerations"":0,""selector"":""binanceus.BTC-USD"",""sell_stop_pct"":38,""show_options"":true,""strategy"":""trend_ema"",""symmetrical"":false,""trend_ema"":30,""net_currency"":7.588106279000101,""start"":""202009192000""}"
"binanceus.BTC-USD",1.0136002856483866,1.360028564838658,0,0.071,"trend_ema","taker",485.32682399,478.81480585765905,0,1,"20m",60,14,"module.exports = {""avg_slippage_pct"":0.045,""backtester_generation"":23,""buy_stop_pct"":25,""markdown_buy_pct"":1.2839215870916618,""markup_sell_pct"":-0.19481812308621782,""max_buy_loss_pct"":0,""max_sell_loss_pct"":0,""max_slippage_pct"":5,""min_periods"":60,""neutral_rate"":""auto"",""order_poll_time"":5000,""order_type"":""taker"",""oversold_rsi"":92,""oversold_rsi_periods"":50,""period"":""20m"",""period_length"":""20m"",""profit_stop_enable_pct"":0,""profit_stop_pct"":8,""quarentine_time"":10,""rsi_periods"":50,""runGenerations"":0,""selector"":""binanceus.BTC-USD"",""sell_stop_pct"":43,""show_options"":true,""strategy"":""trend_ema"",""symmetrical"":false,""trend_ema"":2,""net_currency"":6.094447017499988,""start"":""202009192000""}"
"binanceus.BTC-USD",1.0096312172215263,0.9631217221526288,0,0.071,"trend_ema","maker",489.30426463,484.6366240304555,0,1,"16m",4,14,"module.exports = {""avg_slippage_pct"":0.045,""backtester_generation"":22,""buy_stop_pct"":26,""markdown_buy_pct"":-0.8318082379185805,""markup_sell_pct"":-0.0472835370841711,""max_buy_loss_pct"":0,""max_sell_loss_pct"":0,""max_slippage_pct"":5,""min_periods"":4,""neutral_rate"":""auto"",""order_poll_time"":5000,""order_type"":""maker"",""oversold_rsi"":54,""oversold_rsi_periods"":27,""period"":""16m"",""period_length"":""16m"",""profit_stop_enable_pct"":0,""profit_stop_pct"":9,""quarentine_time"":10,""rsi_periods"":27,""runGenerations"":0,""selector"":""binanceus.BTC-USD"",""sell_stop_pct"":5,""show_options"":true,""strategy"":""trend_ema"",""symmetrical"":false,""trend_ema"":27,""net_currency"":12.338829499999974,""start"":""202009192000""}"
"binanceus.BTC-USD",1.0085036339356994,0.8503633935699522,0,0.071,"trend_ema","maker",484.26170368,480.1784419855404,0,1,"74m",94,14,"module.exports = {""avg_slippage_pct"":0.045,""backtester_generation"":21,""buy_stop_pct"":0,""markdown_buy_pct"":1.0005124522385072,""markup_sell_pct"":-0.7208523591363374,""max_buy_loss_pct"":0,""max_sell_loss_pct"":0,""max_slippage_pct"":5,""min_periods"":94,""neutral_rate"":""auto"",""order_poll_time"":5000,""order_type"":""maker"",""oversold_rsi"":88,""oversold_rsi_periods"":21,""period"":""74m"",""period_length"":""74m"",""profit_stop_enable_pct"":16,""profit_stop_pct"":10,""quarentine_time"":10,""rsi_periods"":21,""runGenerations"":0,""selector"":""binanceus.BTC-USD"",""sell_stop_pct"":35,""show_options"":true,""strategy"":""trend_ema"",""symmetrical"":false,""trend_ema"":35,""net_currency"":9.74605568000004,""start"":""202009192000""}"
"binanceus.BTC-USD",1.008097656436632,0.8097656436631931,0,0.071,"sar","taker",483.49585168,479.61211752940136,0,1,"59m",91,14,"module.exports = {""avg_slippage_pct"":0.045,""backtester_generation"":40,""buy_stop_pct"":17,""markdown_buy_pct"":-0.48589237385975803,""markup_sell_pct"":0.8977885025241727,""max_buy_loss_pct"":0,""max_sell_loss_pct"":0,""max_slippage_pct"":5,""min_periods"":91,""order_poll_time"":5000,""order_type"":""taker"",""period"":""59m"",""period_length"":""59m"",""profit_stop_enable_pct"":7,""profit_stop_pct"":9,""quarentine_time"":10,""rsi_periods"":14,""runGenerations"":0,""sar_af"":0.4070735038856747,""sar_max_af"":0.5493412466509762,""selector"":""binanceus.BTC-USD"",""sell_stop_pct"":2,""show_options"":true,""strategy"":""sar"",""symmetrical"":false,""net_currency"":8.684131413599914,""start"":""202009192000""}"
"binanceus.BTC-USD",1.0079961123025318,0.7996112302531744,0,0.071,"sar","taker",483.23600528,479.40264786950434,0,1,"109m",8,14,"module.exports = {""avg_slippage_pct"":0.045,""backtester_generation"":49,""buy_stop_pct"":43,""markdown_buy_pct"":0.6580691514237564,""markup_sell_pct"":4.258044990854383,""max_buy_loss_pct"":0,""max_sell_loss_pct"":0,""max_slippage_pct"":5,""min_periods"":8,""order_poll_time"":5000,""order_type"":""taker"",""period"":""109m"",""period_length"":""109m"",""profit_stop_enable_pct"":9,""profit_stop_pct"":3,""quarentine_time"":10,""rsi_periods"":14,""runGenerations"":0,""sar_af"":0.9483913894500983,""sar_max_af"":0.030139033542018245,""selector"":""binanceus.BTC-USD"",""sell_stop_pct"":17,""show_options"":true,""strategy"":""sar"",""symmetrical"":false,""net_currency"":8.092991839999968,""start"":""202009192000""}"
"binanceus.BTC-USD",1.006517479257356,0.6517479257355969,0,0.071,"trend_ema","taker",482.63493224,479.50973747232393,0,1,"42m",56,14,"module.exports = {""avg_slippage_pct"":0.045,""backtester_generation"":28,""buy_stop_pct"":0,""markdown_buy_pct"":0.6020945806650992,""markup_sell_pct"":1.696084782595495,""max_buy_loss_pct"":0,""max_sell_loss_pct"":0,""max_slippage_pct"":5,""min_periods"":56,""neutral_rate"":""auto"",""order_poll_time"":5000,""order_type"":""taker"",""oversold_rsi"":80,""oversold_rsi_periods"":19,""period"":""42m"",""period_length"":""42m"",""profit_stop_enable_pct"":5,""profit_stop_pct"":1,""quarentine_time"":10,""rsi_periods"":19,""runGenerations"":0,""selector"":""binanceus.BTC-USD"",""sell_stop_pct"":5,""show_options"":true,""strategy"":""trend_ema"",""symmetrical"":false,""trend_ema"":19,""net_currency"":7.653309999999976,""start"":""202009192000""}"
"binanceus.BTC-USD",1.0028633708520345,0.28633708520346285,0,0.071,"trend_ema","maker",480.98924697,479.6159286995901,0,1,"89m",60,14,"module.exports = {""avg_slippage_pct"":0.045,""backtester_generation"":27,""buy_stop_pct"":40,""markdown_buy_pct"":0.2169204409024279,""markup_sell_pct"":3.8718953574888904,""max_buy_loss_pct"":0,""max_sell_loss_pct"":0,""max_slippage_pct"":5,""min_periods"":60,""neutral_rate"":""auto"",""order_poll_time"":5000,""order_type"":""maker"",""oversold_rsi"":58,""oversold_rsi_periods"":7,""period"":""89m"",""period_length"":""89m"",""profit_stop_enable_pct"":13,""profit_stop_pct"":9,""quarentine_time"":10,""rsi_periods"":7,""runGenerations"":0,""selector"":""binanceus.BTC-USD"",""sell_stop_pct"":0,""show_options"":true,""strategy"":""trend_ema"",""symmetrical"":false,""trend_ema"":33,""net_currency"":6.088276160399971,""start"":""202009192000""}"
"binanceus.BTC-USD",1.0016401143511937,0.16401143511935748,0,0.071,"trend_ema","maker",479.42160058,478.6365818530965,0,1,"104m",6,14,"module.exports = {""avg_slippage_pct"":0.045,""backtester_generation"":39,""buy_stop_pct"":13,""markdown_buy_pct"":-0.7515395727004566,""markup_sell_pct"":3.831925716571444,""max_buy_loss_pct"":0,""max_sell_loss_pct"":0,""max_slippage_pct"":5,""min_periods"":6,""neutral_rate"":""auto"",""order_poll_time"":5000,""order_type"":""maker"",""oversold_rsi"":71,""oversold_rsi_periods"":44,""period"":""104m"",""period_length"":""104m"",""profit_stop_enable_pct"":0,""profit_stop_pct"":2,""quarentine_time"":10,""rsi_periods"":44,""runGenerations"":0,""selector"":""binanceus.BTC-USD"",""sell_stop_pct"":35,""show_options"":true,""strategy"":""trend_ema"",""symmetrical"":false,""trend_ema"":4,""net_currency"":10.045778748399925,""start"":""202009192000""}"
"binanceus.BTC-USD",1.0011790337181445,0.117903371814457,0,0.071,"sar","maker",480.36306945,479.79737217033403,0,1,"31m",17,14,"module.exports = {""avg_slippage_pct"":0.045,""backtester_generation"":45,""buy_stop_pct"":0,""markdown_buy_pct"":-0.6948766290873265,""markup_sell_pct"":1.629852533888179,""max_buy_loss_pct"":0,""max_sell_loss_pct"":0,""max_slippage_pct"":5,""min_periods"":17,""order_poll_time"":5000,""order_type"":""maker"",""period"":""31m"",""period_length"":""31m"",""profit_stop_enable_pct"":15,""profit_stop_pct"":1,""quarentine_time"":10,""rsi_periods"":14,""runGenerations"":0,""sar_af"":0.4577648923166909,""sar_max_af"":0.26504616384395313,""selector"":""binanceus.BTC-USD"",""sell_stop_pct"":42,""show_options"":true,""strategy"":""sar"",""symmetrical"":false,""net_currency"":9.584435120000023,""start"":""202009192000""}"
"binanceus.BTC-USD",1.0005303797085097,0.053037970850965704,0,0.071,"sar","maker",479.68422351,479.4299435962646,0,1,"81m",19,14,"module.exports = {""avg_slippage_pct"":0.045,""backtester_generation"":56,""buy_stop_pct"":0,""markdown_buy_pct"":-0.03883027535973316,""markup_sell_pct"":-0.42487993927445267,""max_buy_loss_pct"":0,""max_sell_loss_pct"":0,""max_slippage_pct"":5,""min_periods"":19,""order_poll_time"":5000,""order_type"":""maker"",""period"":""81m"",""period_length"":""81m"",""profit_stop_enable_pct"":0,""profit_stop_pct"":7,""quarentine_time"":10,""rsi_periods"":14,""runGenerations"":0,""sar_af"":0.40350746947676575,""sar_max_af"":0.5428470215644527,""selector"":""binanceus.BTC-USD"",""sell_stop_pct"":32,""show_options"":true,""strategy"":""sar"",""symmetrical"":false,""net_currency"":6.1808269297999345,""start"":""202009192000""}"